transition,trinucleotide,steps,mean_P,min_P,max_P
A->A,,238,0.835319,0.564892,0.999805
A->C,,165,0.802571,0.545752,0.996836
A->G,,192,0.787814,0.569345,0.978971
A->T,,231,0.539908,0.295277,0.940921
C->A,,220,0.766807,0.258238,0.974287
C->C,,188,0.715534,0.144555,0.999935
C->G,,254,0.726409,0.121090,0.955070
C->T,,204,0.720183,0.236782,0.995252
G->A,,226,0.856522,0.505473,0.997404
G->C,,280,0.321933,0.081790,0.957697
G->G,,204,0.797144,0.492663,0.999693
G->T,,202,0.371949,0.167471,0.856024
T->A,,143,0.758049,0.487615,0.821760
T->C,,232,0.925366,0.874313,0.997232
T->G,,262,0.557781,0.510109,0.593875
T->T,,257,0.897232,0.685451,0.999999
A->A,AAA,78,0.996950,0.972163,0.999805
A->C,AAC,54,0.951161,0.911315,0.955855
A->G,AAG,57,0.974865,0.935462,0.978971
A->T,AAT,49,0.346727,0.339001,0.367296
C->A,ACA,32,0.269067,0.258238,0.292000
C->C,ACC,42,0.151166,0.144555,0.174562
C->G,ACG,49,0.126479,0.121090,0.144981
C->T,ACT,42,0.245123,0.236782,0.269583
G->A,AGA,45,0.953362,0.759785,0.964716
G->C,AGC,66,0.116331,0.109816,0.137832
G->G,AGG,41,0.914907,0.854243,0.919988
G->T,AGT,40,0.220855,0.212774,0.246776
T->A,ATA,47,0.779602,0.758957,0.783340
T->C,ATC,81,0.968920,0.953573,0.997232
T->G,ATG,51,0.572634,0.570885,0.574063
T->T,ATT,52,0.929224,0.685451,0.940104
A->A,CAA,46,0.576887,0.564892,0.582848
A->C,CAC,52,0.564823,0.545752,0.569466
A->G,CAG,70,0.571362,0.569345,0.576877
A->T,CAT,52,0.931743,0.922514,0.932722
C->A,CCA,62,0.822036,0.819875,0.827601
C->C,CCC,32,0.998924,0.982800,0.999935
C->G,CCG,65,0.945304,0.943418,0.955070
C->T,CCT,29,0.844926,0.822329,0.849928
G->A,CGA,52,0.507688,0.505473,0.512525
G->C,CGC,74,0.945151,0.943612,0.957697
G->G,CGG,73,0.499658,0.492663,0.505816
G->T,CGT,55,0.854241,0.852561,0.856024
T->A,CTA,13,0.701216,0.487615,0.728260
T->C,CTC,32,0.928946,0.894298,0.930803
T->G,CTG,96,0.546518,0.516059,0.551650
T->T,CTT,63,0.852583,0.818377,0.855499
A->A,GAA,62,0.936952,0.933141,0.966378
A->C,GAC,38,0.984340,0.982166,0.996836
A->G,GAG,41,0.957649,0.833160,0.978602
A->T,GAT,84,0.306696,0.295277,0.395626
C->A,GCA,58,0.755431,0.732070,0.763117
C->C,GCC,72,0.900571,0.882069,0.902885
C->G,GCG,78,0.947903,0.947072,0.948455
C->T,GCT,72,0.775284,0.764844,0.783921
G->A,GGA,58,0.953013,0.945955,0.996611
G->C,GGC,63,0.085869,0.081790,0.090548
G->G,GGG,35,0.996487,0.980235,0.999693
G->T,GGT,48,0.174253,0.167471,0.196272
T->A,GTA,39,0.691655,0.688949,0.697006
T->C,GTC,38,0.875472,0.874313,0.876439
T->G,GTG,58,0.532499,0.510109,0.535055
T->T,GTT,67,0.807169,0.763069,0.812704
A->A,TAA,52,0.700308,0.679382,0.702623
A->C,TAC,21,0.680275,0.678824,0.681870
A->G,TAG,24,0.684750,0.583882,0.691793
A->T,TAT,46,0.728611,0.714576,0.940921
C->A,TCA,68,0.960386,0.958508,0.974287
C->C,TCC,42,0.746780,0.740200,0.763620
C->G,TCG,62,0.692405,0.686193,0.710706
C->T,TCT,61,0.922932,0.566309,0.995252
G->A,TGA,71,0.971805,0.925528,0.997404
G->C,TGC,77,0.092370,0.087406,0.102630
G->G,TGG,55,0.977348,0.926005,0.981437
G->T,TGT,59,0.185629,0.177295,0.230126
T->A,TTA,44,0.810666,0.640408,0.821760
T->C,TTC,81,0.903805,0.900463,0.966185
T->G,TTG,57,0.589185,0.556229,0.593875
T->T,TTT,75,0.993011,0.748474,0.999999
